trial,objective_loop_seconds,objective_vector_seconds,objective_speedup,gradient_loop_seconds,gradient_vector_seconds,gradient_speedup
1.000000000000000000e+00,2.466060000006109476e-02,1.294000016059726477e-03,1.905765045904207255e+01,4.838790005305781960e-02,3.299300034996122122e-03,1.466611085375710388e+01
2.000000000000000000e+00,2.481430000625550747e-02,1.310899970121681690e-03,1.892920937663319236e+01,4.824530001496896148e-02,3.223199979402124882e-03,1.496813735520004585e+01
3.000000000000000000e+00,2.412409998942166567e-02,1.407800009474158287e-03,1.713602772202885660e+01,4.961069999262690544e-02,3.140099986921995878e-03,1.579908289520950859e+01
4.000000000000000000e+00,2.522329997736960649e-02,1.581200049258768559e-03,1.595199797090426941e+01,4.929170000832527876e-02,3.669300000183284283e-03,1.343354318422127491e+01
5.000000000000000000e+00,2.430549997370690107e-02,1.420599990524351597e-03,1.710932010124511038e+01,5.047860002378001809e-02,4.142799996770918369e-03,1.218465773465416468e+01
6.000000000000000000e+00,2.424780000001192093e-02,1.213699986692517996e-03,1.997841333597618529e+01,4.811079998034983873e-02,3.631600004155188799e-03,1.324782462972316033e+01
7.000000000000000000e+00,2.424440003233030438e-02,1.283899997361004353e-03,1.888340219811786014e+01,4.954840004211291671e-02,3.502899955492466688e-03,1.414496579167845347e+01
8.000000000000000000e+00,2.500399999553337693e-02,1.205500040668994188e-03,2.074160029198950994e+01,4.700819996651262045e-02,3.918000031262636185e-03,1.199800908407943467e+01
9.000000000000000000e+00,2.499569999054074287e-02,1.528099994175136089e-03,1.635737195590616366e+01,4.707309999503195286e-02,3.728599986061453819e-03,1.262487265220305765e+01
1.000000000000000000e+01,2.425879996735602617e-02,1.278900017496198416e-03,1.896848825981671283e+01,4.836519999662414193e-02,3.469999996013939381e-03,1.393809799774704494e+01
1.100000000000000000e+01,2.509970002574846148e-02,1.265099970623850822e-03,1.984009217340445019e+01,4.791760002262890339e-02,3.476199985016137362e-03,1.378447736872838725e+01
1.200000000000000000e+01,2.415640000253915787e-02,1.227500033564865589e-03,1.967934773279388594e+01,4.754100000718608499e-02,3.328899969346821308e-03,1.428129425484488912e+01
1.300000000000000000e+01,2.481169998645782471e-02,1.239300007000565529e-03,2.002073738909169620e+01,4.912670003250241280e-02,3.653700056020170450e-03,1.344573973760018148e+01
1.400000000000000000e+01,2.407300000777468085e-02,1.248100015800446272e-03,1.928771709239655863e+01,4.754280002089217305e-02,3.377199987880885601e-03,1.407757911627974856e+01
1.500000000000000000e+01,2.410159999271854758e-02,1.210499962326139212e-03,1.991045084082784200e+01,4.776859999401494861e-02,3.390899975784122944e-03,1.408729255806750302e+01
1.600000000000000000e+01,2.539190003881230950e-02,1.236099982634186745e-03,2.054194676445264989e+01,4.748239996843039989e-02,3.485799999907612801e-03,1.362166503232797865e+01
1.700000000000000000e+01,2.494230004958808422e-02,1.345500000752508640e-03,1.853756970318721997e+01,4.908399999840185046e-02,4.136100003961473703e-03,1.186721789883952916e+01
1.800000000000000000e+01,2.486309997038915753e-02,1.312399981543421745e-03,1.894475793968650024e+01,4.873049998423084617e-02,4.492299980483949184e-03,1.084756142642575227e+01
1.900000000000000000e+01,2.491860004374757409e-02,1.545100007206201553e-03,1.612749979129477751e+01,5.003779998514801264e-02,4.410900000948458910e-03,1.134412477598417013e+01
2.000000000000000000e+01,2.512249996652826667e-02,1.399700006004422903e-03,1.794848886101160801e+01,4.861580004217103124e-02,3.982599999289959669e-03,1.220705068318147113e+01
2.100000000000000000e+01,2.466739999363198876e-02,1.258100033737719059e-03,1.960686696776171800e+01,4.922360001364722848e-02,4.130100016482174397e-03,1.191825859354698736e+01
2.200000000000000000e+01,2.482729998882859945e-02,1.327299978584051132e-03,1.870511594169849090e+01,4.873620002763345838e-02,3.967900003772228956e-03,1.228261800481378252e+01
2.300000000000000000e+01,2.451099996687844396e-02,1.382999995257705450e-03,1.772306583581087835e+01,4.808420001063495874e-02,4.669899994041770697e-03,1.029662306944144490e+01
2.400000000000000000e+01,2.475099998991936445e-02,1.508100016508251429e-03,1.641204145546399928e+01,4.976280004484578967e-02,4.257699998561292887e-03,1.168771873585762044e+01
2.500000000000000000e+01,2.443250000942498446e-02,1.265299972146749496e-03,1.930965031791789599e+01,4.829530004644766450e-02,3.421599976718425751e-03,1.411482942923284867e+01
2.600000000000000000e+01,2.397109998855739832e-02,1.403699978254735470e-03,1.707708225397383472e+01,4.847819998394697905e-02,4.595300008077174425e-03,1.054951796373178752e+01
2.700000000000000000e+01,2.508980000857263803e-02,1.524500024970620871e-03,1.645772357993641322e+01,4.841439996380358934e-02,4.072699986863881350e-03,1.188754391925744081e+01
2.800000000000000000e+01,2.597030001925304532e-02,1.240100013092160225e-03,2.094210123786444555e+01,5.031230003805831075e-02,4.330900032073259354e-03,1.161705411472477323e+01
2.900000000000000000e+01,2.551330003188923001e-02,1.433100027497857809e-03,1.780287456726559014e+01,5.060280003817752004e-02,4.032500030007213354e-03,1.254874139159944413e+01
3.000000000000000000e+01,2.507299999706447124e-02,1.576900016516447067e-03,1.590018373673024854e+01,4.949499998474493623e-02,3.923400014173239470e-03,1.261533358972951824e+01
